result_id,player_id,season,date,event_type,tournament_name,teammate,points,rank,prize_money
18c9e422-ad64-4f48-afb9-335790c518a6,11c5f489-e178-440b-852c-f0f3d49362b1,2025,2025-10-15,FIVB,BPT Challenge Nuvali,Jasmine Fleming,360.0,3,900.0
8ec06efe-21fa-4c38-8b29-275b394d037b,a8a3cec8-4f94-457b-8ffc-fe8d12cd873c,2025,2025-10-15,FIVB,BPT Challenge Nuvali,Stefanie Fejes,360.0,3,900.0
ed0aae09-473f-4006-a00d-dcbc117b5d77,56e40e6c-99af-483c-9acf-e7309812d213,2025,2025-07-20,AVC,AVC Beach Tour Pingtung Open,Nur Sari,72.0,9,0.0
9afcf31a-6d6c-483d-87b5-e6a5943f33ef,47ea4b25-6c9f-4deb-be98-11b74d6b6602,2025,2025-07-20,AVC,AVC Beach Tour Pingtung Open,Desi Ratnasari,72.0,9,0.0
9c2af6ad-572d-4471-b2e1-6267e273c51b,59d921d3-d71e-42fd-a36a-7930e2c32316,2025,2025-07-20,AVC,AVC Beach Tour Pingtung Open,Bernadetta Shella Herdanti,72.0,9,0.0
65b606ef-5bb5-44ae-a39a-7d1165f36b71,94490317-600f-4416-87c5-b239fb0d4693,2025,2025-07-20,AVC,AVC Beach Tour Pingtung Open,Josephine Selvina Anasthasya Kaize,72.0,9,0.0
6404ff79-87e6-4121-8e37-b815cefdbfd1,a72180a5-1703-434d-9c25-504ecf566c12,2025,2025-04-11,FIVB,BPT Futures Songkhla,Noor Aishah Iskandar,30.0,21,0.0
2eceff59-aecf-4bd8-b6d2-18d7a018ba8a,b839ca24-736c-4f9d-965d-b85df558cc15,2025,2025-04-11,FIVB,BPT Futures Songkhla,Shamsulrizal Nur Auni Maisarah,30.0,21,0.0
a943d79b-4a5e-4a8f-bea4-9913c847b081,a72180a5-1703-434d-9c25-504ecf566c12,2025,2025-04-16,AVC,AVC Beach Tour 24th Samila Open,Noor Aishah Iskandar,24.0,25,0.0
211b37b1-7524-40e9-b79d-0da45327d0d3,b839ca24-736c-4f9d-965d-b85df558cc15,2025,2025-04-16,AVC,AVC Beach Tour 24th Samila Open,Shamsulrizal Nur Auni Maisarah,24.0,25,0.0
806552aa-4456-4cc6-b803-925a9ca027ac,a72180a5-1703-434d-9c25-504ecf566c12,2025,2025-06-22,AVC,6th Asian U21 Beach Volleyball Championships,Noor Aishah Iskandar,35.0,17,0.0
78bf9260-c843-48dc-9405-ad75e6475060,b839ca24-736c-4f9d-965d-b85df558cc15,2025,2025-06-22,AVC,6th Asian U21 Beach Volleyball Championships,Shamsulrizal Nur Auni Maisarah,35.0,17,0.0
d318f5e6-c4b5-4f67-ba11-729a3a535d27,3336526f-2996-4dd6-aa94-cccbeca1f887,2025,2025-05-04,FIVB,BPT Futures Nuvali,Bernadeth Pons,120.0,5,0.0
abb7de6e-2642-44a2-9188-ac38987477df,e94a3a34-7c5e-4f64-bc00-d69048a78921,2025,2025-05-04,FIVB,BPT Futures Nuvali,Cherry Ann Rondina,120.0,5,0.0
5f271c82-440c-4630-90db-b262f5666ab6,3336526f-2996-4dd6-aa94-cccbeca1f887,2025,2025-06-22,FIVB,BPT Futures Qidong,Bernadeth Pons,120.0,5,0.0
2c10fa39-b979-4ded-a45f-1ea1a558f74b,e94a3a34-7c5e-4f64-bc00-d69048a78921,2025,2025-06-22,FIVB,BPT Futures Qidong,Cherry Ann Rondina,120.0,5,0.0
f1b7fb83-ea8b-42f5-9f16-3ac938152bd8,3336526f-2996-4dd6-aa94-cccbeca1f887,2025,2025-08-17,FIVB,BPT Futures Busan Gwangalli,Bernadeth Pons,90.0,9,0.0
a8b88506-d638-4fd9-ac3c-f0c6f9a20027,e94a3a34-7c5e-4f64-bc00-d69048a78921,2025,2025-08-17,FIVB,BPT Futures Busan Gwangalli,Cherry Ann Rondina,90.0,9,0.0
9ae9eb61-2166-4bc8-82bd-aa2963a24a70,3336526f-2996-4dd6-aa94-cccbeca1f887,2025,2025-08-24,FIVB,BPT Futures Brno,Bernadeth Pons,70.0,13,0.0
1a9e309a-a7a0-430b-bfd0-50ef34a3233f,e94a3a34-7c5e-4f64-bc00-d69048a78921,2025,2025-08-24,FIVB,BPT Futures Brno,Cherry Ann Rondina,70.0,13,0.0
b7f1535d-6bc5-4c7e-8b41-6771104c214f,3336526f-2996-4dd6-aa94-cccbeca1f887,2025,2025-09-07,FIVB,BPT Futures Budapest,Bernadeth Pons,120.0,5,0.0
c4f10b0e-0e26-4b98-a62d-4e81570c136d,e94a3a34-7c5e-4f64-bc00-d69048a78921,2025,2025-09-07,FIVB,BPT Futures Budapest,Cherry Ann Rondina,120.0,5,0.0
34d75094-dc40-4a7c-8ff5-7d8dd0b37025,3336526f-2996-4dd6-aa94-cccbeca1f887,2025,2025-10-19,FIVB,BPT Challenge Nuvali,Bernadeth Pons,170.0,17,0.0
4d0c0c63-90de-4720-a2f9-86342e413860,e94a3a34-7c5e-4f64-bc00-d69048a78921,2025,2025-10-19,FIVB,BPT Challenge Nuvali,Cherry Ann Rondina,170.0,17,0.0
ee3e5cbc-0d60-4c06-9f0c-d8bb63817553,598e9136-8be8-4814-9dd6-3122eba113ed,2025,2025-05-04,FIVB,BPT Futures Nuvali,Alexa Polidario,70.0,13,0.0
aa945703-b5c5-49f0-98ec-cdb9ed0821e8,decd6f33-25ae-41db-8d28-419451e1ae29,2025,2025-05-04,FIVB,BPT Futures Nuvali,Floremel Rodriguez,70.0,13,0.0
19d97ca1-acc5-428e-ad6a-756d4bd96875,598e9136-8be8-4814-9dd6-3122eba113ed,2025,2025-06-22,FIVB,BPT Futures Qidong,Sunnie Kalani Villapando,90.0,9,0.0
74b8bd46-3597-4b89-98c7-d36aa7939f77,606cf6c4-75f8-4b80-8b93-6bfaf46cd938,2025,2025-06-22,FIVB,BPT Futures Qidong,Floremel Rodriguez,90.0,9,0.0
1af4cc5e-b28e-47ef-b048-d0ef126560d4,598e9136-8be8-4814-9dd6-3122eba113ed,2025,2025-08-17,FIVB,BPT Futures Busan Gwangalli,Sunnie Kalani Villapando,120.0,5,0.0
4feb513c-c4a6-485e-b629-7283f4af938d,606cf6c4-75f8-4b80-8b93-6bfaf46cd938,2025,2025-08-17,FIVB,BPT Futures Busan Gwangalli,Floremel Rodriguez,120.0,5,0.0
a83a6c24-82f2-42dc-9fdb-1f233fd25bfa,598e9136-8be8-4814-9dd6-3122eba113ed,2025,2025-08-24,FIVB,BPT Futures Brno,Sunnie Kalani Villapando,50.0,17,0.0
da34e1c0-0565-430e-be9b-ceb6a7168f97,606cf6c4-75f8-4b80-8b93-6bfaf46cd938,2025,2025-08-24,FIVB,BPT Futures Brno,Floremel Rodriguez,50.0,17,0.0
b94dea16-bfe7-4979-872a-48eb51edd449,598e9136-8be8-4814-9dd6-3122eba113ed,2025,2025-09-07,FIVB,BPT Futures Budapest,Sunnie Kalani Villapando,70.0,13,0.0
f0ecdc64-9f5a-4b08-86e7-e65adbedee6f,606cf6c4-75f8-4b80-8b93-6bfaf46cd938,2025,2025-09-07,FIVB,BPT Futures Budapest,Floremel Rodriguez,70.0,13,0.0
9209d133-584c-41ea-800f-0462a75b99ff,598e9136-8be8-4814-9dd6-3122eba113ed,2025,2025-10-19,FIVB,BPT Challenge Nuvali,Sunnie Kalani Villapando,110.0,25,0.0
527a4cea-f3b7-4259-a2bd-e6e307757c06,606cf6c4-75f8-4b80-8b93-6bfaf46cd938,2025,2025-10-19,FIVB,BPT Challenge Nuvali,Floremel Rodriguez,110.0,25,0.0
06aca97d-e6ab-49bd-85d1-f4fee6a11a24,606cf6c4-75f8-4b80-8b93-6bfaf46cd938,2025,2025-04-05,AVC,AVC Beach Tour 2nd Nuvali Open,Jenny Gaviola,72.0,9,0.0
603618d8-3026-4328-b5d0-7bb47348c871,e196d94f-89b7-4521-abe2-29cb35ec052a,2025,2025-04-05,AVC,AVC Beach Tour 2nd Nuvali Open,Sunnie Kalani Villapando,72.0,9,0.0
86b772de-b6b3-42f9-97f7-1ee42e02921e,606cf6c4-75f8-4b80-8b93-6bfaf46cd938,2025,2025-04-11,FIVB,BPT Futures Songkhla,Jenny Gaviola,50.0,17,0.0
475b30a3-653c-4af2-8deb-f532f7bf31f3,e196d94f-89b7-4521-abe2-29cb35ec052a,2025,2025-04-11,FIVB,BPT Futures Songkhla,Sunnie Kalani Villapando,50.0,17,0.0
6b1ef30b-f8c8-4884-9777-540ab7e6a4d1,606cf6c4-75f8-4b80-8b93-6bfaf46cd938,2025,2025-04-16,AVC,AVC Beach Tour 24th Samila Open,Jenny Gaviola,72.0,9,0.0
ef905d81-66f5-4c20-91e0-a1f29c0f0230,e196d94f-89b7-4521-abe2-29cb35ec052a,2025,2025-04-16,AVC,AVC Beach Tour 24th Samila Open,Sunnie Kalani Villapando,72.0,9,0.0
17958389-0dac-49e7-9af4-b59f30f3e82f,606cf6c4-75f8-4b80-8b93-6bfaf46cd938,2025,2025-05-04,FIVB,BPT Futures Nuvali,Jenny Gaviola,70.0,13,0.0
0b0d5aa0-5466-4870-b6db-92e5d0c52504,e196d94f-89b7-4521-abe2-29cb35ec052a,2025,2025-05-04,FIVB,BPT Futures Nuvali,Sunnie Kalani Villapando,70.0,13,0.0
d6bd2b1f-2eb3-4afd-9023-f9093950de82,7fb17bdb-7aa3-445c-a9ef-8b83cfc38859,2025,2025-04-11,FIVB,BPT Futures Songkhla,Tin Wing Chan,30.0,21,0.0
a7f07917-e074-4373-81db-663e8c45edd4,ad62ef1f-5f0d-4ad2-a961-59e6c48ec605,2025,2025-04-11,FIVB,BPT Futures Songkhla,Eliza Chong,30.0,21,0.0
47f6a895-b836-4b5e-90a6-33ed6a692d8e,7fb17bdb-7aa3-445c-a9ef-8b83cfc38859,2025,2025-04-16,AVC,AVC Beach Tour 24th Samila Open,Tin Wing Chan,40.0,17,0.0
69f67583-35e6-411b-a6bc-aac0f574cb50,ad62ef1f-5f0d-4ad2-a961-59e6c48ec605,2025,2025-04-16,AVC,AVC Beach Tour 24th Samila Open,Eliza Chong,40.0,17,0.0
60d1cfc9-2df5-4c70-997b-e6d791e0dc70,7fb17bdb-7aa3-445c-a9ef-8b83cfc38859,2025,2025-05-11,AVC,AVC Beach Tour Pingtan Open,Tin Wing Chan,40.0,17,0.0
6cca9d42-42a5-433a-ae0d-f5abf15fa879,ad62ef1f-5f0d-4ad2-a961-59e6c48ec605,2025,2025-05-11,AVC,AVC Beach Tour Pingtan Open,Eliza Chong,40.0,17,0.0
1b1813d4-ecb3-4522-a37f-5014418a93d8,7fb17bdb-7aa3-445c-a9ef-8b83cfc38859,2025,2025-05-25,FIVB,BPT Futures Qingshan,Tin Wing Chan,70.0,13,0.0
9f68a990-811b-448b-9046-8285efddbe20,ad62ef1f-5f0d-4ad2-a961-59e6c48ec605,2025,2025-05-25,FIVB,BPT Futures Qingshan,Eliza Chong,70.0,13,0.0
9f6a6b82-3e6b-4047-a9c8-2936aa9a1311,7fb17bdb-7aa3-445c-a9ef-8b83cfc38859,2025,2025-07-20,AVC,AVC Beach Tour Pingtung Open,Tin Wing Chan,72.0,9,0.0
975ec2fa-b2ea-47f9-ae36-d5ecbf317056,ad62ef1f-5f0d-4ad2-a961-59e6c48ec605,2025,2025-07-20,AVC,AVC Beach Tour Pingtung Open,Eliza Chong,72.0,9,0.0
5a037c15-5b96-4812-a808-b818b3af6b9f,7fb17bdb-7aa3-445c-a9ef-8b83cfc38859,2025,2025-08-17,FIVB,BPT Futures Busan Gwangalli,Tin Wing Chan,90.0,9,0.0
902cbb82-4a57-45c4-838f-daa6272e6d35,ad62ef1f-5f0d-4ad2-a961-59e6c48ec605,2025,2025-08-17,FIVB,BPT Futures Busan Gwangalli,Eliza Chong,90.0,9,0.0
78f2bb94-6f48-4468-bf41-a499f3eb869b,a5153424-8f59-4cfa-9a3e-2ea508c1b82f,2025,2025-05-11,AVC,AVC Beach Tour Pingtan Open,Hui Ying Ang,40.0,17,0.0
ba93ef0b-bb9b-4e60-b385-9a6be5a70871,6b2b6922-9c40-4ece-9785-007c915c7251,2025,2025-05-11,AVC,AVC Beach Tour Pingtan Open,Xin En Valerie Lee,40.0,17,0.0
5fa5acee-e373-491a-a690-47d5876ee496,a5153424-8f59-4cfa-9a3e-2ea508c1b82f,2025,2025-05-25,FIVB,BPT Futures Qingshan,Hui Ying Ang,50.0,17,0.0
866ba435-2da4-4f1a-bea4-94d7b7725dff,6b2b6922-9c40-4ece-9785-007c915c7251,2025,2025-05-25,FIVB,BPT Futures Qingshan,Xin En Valerie Lee,50.0,17,0.0
7949a21e-81f0-4ae3-a362-ee5e4f725e1e,a5153424-8f59-4cfa-9a3e-2ea508c1b82f,2025,2025-06-22,AVC,6th Asian U21 Beach Volleyball Championships,Hui Ying Ang,60.0,9,0.0
9409a4e4-ce36-41ab-bbe1-b2541f10f267,6b2b6922-9c40-4ece-9785-007c915c7251,2025,2025-06-22,AVC,6th Asian U21 Beach Volleyball Championships,Xin En Valerie Lee,60.0,9,0.0
3083aa60-334d-4b41-aad3-f482d678fb84,a5153424-8f59-4cfa-9a3e-2ea508c1b82f,2025,2025-07-20,AVC,AVC Beach Tour Pingtung Open,Hui Ying Ang,40.0,17,0.0
1b3db384-d0b0-4b0d-9eda-ae6f4cf424a5,6b2b6922-9c40-4ece-9785-007c915c7251,2025,2025-07-20,AVC,AVC Beach Tour Pingtung Open,Xin En Valerie Lee,40.0,17,0.0
f0680d83-6b07-44a8-95f5-fb6ad798c5c8,311fa6ac-b59b-4531-954e-12a87ef4848e,2025,2025-04-11,FIVB,BPT Futures Songkhla,Hui Ying Ang,30.0,21,0.0
9a84e6be-8e01-431d-b6a8-fba8b6ae1401,311fa6ac-b59b-4531-954e-12a87ef4848e,2025,2025-04-16,AVC,AVC Beach Tour 24th Samila Open,Hui Ying Ang,24.0,25,0.0
77f3ec67-cae4-4520-b14f-5cd8bc2f1f7a,decd6f33-25ae-41db-8d28-419451e1ae29,2025,2025-04-05,AVC,AVC Beach Tour 2nd Nuvali Open,Lorien Ysobel Gamboa,72.0,9,0.0
49316cd3-937d-4c83-80af-a66621fd3129,99dd3698-8560-4557-9dc3-ec08b80ecc9a,2025,2025-04-05,AVC,AVC Beach Tour 2nd Nuvali Open,Alexa Polidario,72.0,9,0.0
9bb8f29e-bf75-44b7-aeef-64a73610f57d,decd6f33-25ae-41db-8d28-419451e1ae29,2025,2025-10-19,FIVB,BPT Challenge Nuvali,Jenny Gaviola,90.0,33,0.0
36acde54-cf8e-40b7-a4ae-f05b8fd001db,e196d94f-89b7-4521-abe2-29cb35ec052a,2025,2025-10-19,FIVB,BPT Challenge Nuvali,Alexa Polidario,90.0,33,0.0
87b91605-0e91-4e40-863a-778c2ce4eeba,a16d05de-efeb-4791-93e0-845732945be4,2025,2025-04-16,AVC,AVC Beach Tour 24th Samila Open,Hong Hanh Mai,40.0,17,0.0
60b6fbce-bb69-43f2-9089-00772f8c6340,ffb26e82-4964-41ad-b625-2d279de10916,2025,2025-04-16,AVC,AVC Beach Tour 24th Samila Open,Ngoc Lan Chau,40.0,17,0.0
0cd30be0-4f48-4412-b472-ff0e80788865,a16d05de-efeb-4791-93e0-845732945be4,2025,2025-04-28,AVC,AVC Women's Beach Tour Phu Yen Open,Hong Hanh Mai,72.0,9,0.0
f53da54d-65ba-4e36-a7a6-031dd5de7124,ffb26e82-4964-41ad-b625-2d279de10916,2025,2025-04-28,AVC,AVC Women's Beach Tour Phu Yen Open,Ngoc Lan Chau,72.0,9,0.0
3f66823a-2aa8-4838-95ad-afd401a11df1,a16d05de-efeb-4791-93e0-845732945be4,2025,2025-07-20,AVC,AVC Beach Tour Pingtung Open,Hong Hanh Mai,72.0,9,0.0
78ab629a-9bea-42a7-9e2d-d45c87027c4d,ffb26e82-4964-41ad-b625-2d279de10916,2025,2025-07-20,AVC,AVC Beach Tour Pingtung Open,Ngoc Lan Chau,72.0,9,0.0
886f995f-0625-4ee7-8bfb-12cc66ba0361,f599e45e-2aca-4272-876b-a4042c56de38,2025,2025-04-28,AVC,AVC Women's Beach Tour Phu Yen Open,Thi Thanh Tram Nguyen,96.0,5,0.0
bd59350c-05b3-49b7-b127-1bb1a1e0bda1,1d77ac16-a6f9-4d06-9586-83b22e28676f,2025,2025-04-28,AVC,AVC Women's Beach Tour Phu Yen Open,Le Thi Tuong Vy Nguyen,96.0,5,0.0
7bf860f3-9cdc-44a5-addd-28c2fda2c968,f599e45e-2aca-4272-876b-a4042c56de38,2025,2025-07-20,AVC,AVC Beach Tour Pingtung Open,Thi My Nga Dinh,72.0,9,0.0
23e1e64a-598d-4581-8319-87c7a40fcf20,17353db8-95b0-4dbd-9dc1-0303f1082fdb,2025,2025-07-20,AVC,AVC Beach Tour Pingtung Open,Le Thi Tuong Vy Nguyen,72.0,9,0.0
2a00ea29-ab83-411a-b0d1-052deda9e568,17353db8-95b0-4dbd-9dc1-0303f1082fdb,2025,2025-04-16,AVC,AVC Beach Tour 24th Samila Open,Tran Thi Ven,40.0,17,0.0
333114b9-d494-4778-8f7f-f36ee224a921,99e75131-f511-4890-9f26-c957a70c5618,2025,2025-04-16,AVC,AVC Beach Tour 24th Samila Open,Thi My Nga Dinh,40.0,17,0.0
d00e723b-fa83-4ede-9543-2116046b7f02,17353db8-95b0-4dbd-9dc1-0303f1082fdb,2025,2025-04-28,AVC,AVC Women's Beach Tour Phu Yen Open,Thi Thuy Thach,40.0,17,0.0
d9832b54-89b1-4461-af0c-47f3145c77cb,21c6c129-e155-43cc-90e8-bca6e6c60161,2025,2025-04-28,AVC,AVC Women's Beach Tour Phu Yen Open,Thi My Nga Dinh,40.0,17,0.0
09bbf7fe-a108-42c5-8e89-f3db8d485e48,ffb26e82-4964-41ad-b625-2d279de10916,2025,2025-06-22,AVC,6th Asian U21 Beach Volleyball Championships,Thi Anh Ky Ho,60.0,9,0.0
e8094c93-5d44-43d0-897e-254749960051,b75f661b-9b5d-4118-8168-89f954c8a264,2025,2025-06-22,AVC,6th Asian U21 Beach Volleyball Championships,Hong Hanh Mai,60.0,9,0.0
d0849b5d-2701-4eb1-b4d3-77b07f573d18,99e75131-f511-4890-9f26-c957a70c5618,2025,2025-04-28,AVC,AVC Women's Beach Tour Phu Yen Open,Ho Tuyet Minh Ly,40.0,17,0.0
da5fdb56-a472-48f9-bc97-b76d90cde7c1,4ffd4652-ffb5-4fa9-af5c-4706dfc49da7,2025,2025-04-28,AVC,AVC Women's Beach Tour Phu Yen Open,Thi Ven Tran,40.0,17,0.0
6e7e92e1-347b-4dec-9b37-e41725ae6966,433ef4fd-b0be-46ee-94ef-e6d4dd31960f,2025,2025-10-19,FIVB,BPT Challenge Nuvali,Taravadee Naraphornrapat,230.0,9,0.0
fa76405d-903d-4838-a19c-e62e6abaef25,c831fcf4-ce79-4192-a59a-2aebb864c31c,2025,2025-10-19,FIVB,BPT Challenge Nuvali,Worapeerachayakorn Kongphopsarutawadee,230.0,9,0.0
5048bbeb-61c8-49ca-943f-6942058b66f7,433ef4fd-b0be-46ee-94ef-e6d4dd31960f,2025,2025-05-18,FIVB,BPT Challenge Xiamen,Taravadee Naraphornrapat,170.0,17,0.0
e9faef13-26cd-40fb-be18-5047eddbd5c8,c831fcf4-ce79-4192-a59a-2aebb864c31c,2025,2025-05-18,FIVB,BPT Challenge Xiamen,Worapeerachayakorn Kongphopsarutawadee,170.0,17,0.0
1319f09b-3fb3-4556-8548-f201506543c0,433ef4fd-b0be-46ee-94ef-e6d4dd31960f,2025,2025-04-28,AVC,AVC Women's Beach Tour Phu Yen Open,Taravadee Naraphornrapat,144.0,2,0.0
a7339892-2e9b-4196-950a-cf1e030f2961,c831fcf4-ce79-4192-a59a-2aebb864c31c,2025,2025-04-28,AVC,AVC Women's Beach Tour Phu Yen Open,Worapeerachayakorn Kongphopsarutawadee,144.0,2,0.0
02a5fd7c-d175-4a2f-b32d-ef186b3d5e7f,433ef4fd-b0be-46ee-94ef-e6d4dd31960f,2025,2025-07-20,AVC,AVC Beach Tour Pingtung Open,Taravadee Naraphornrapat,144.0,2,0.0
53d60180-d29d-44f2-994d-325186896c43,c831fcf4-ce79-4192-a59a-2aebb864c31c,2025,2025-07-20,AVC,AVC Beach Tour Pingtung Open,Worapeerachayakorn Kongphopsarutawadee,144.0,2,0.0
f097e910-0d95-4a15-a1e9-4b46c118ad35,433ef4fd-b0be-46ee-94ef-e6d4dd31960f,2025,2025-04-16,AVC,AVC Beach Tour 24th Samila Open,Taravadee Naraphornrapat,112.0,4,0.0
1b4ff0a7-633d-47d9-a540-e55b3879ecd6,c831fcf4-ce79-4192-a59a-2aebb864c31c,2025,2025-04-16,AVC,AVC Beach Tour 24th Samila Open,Worapeerachayakorn Kongphopsarutawadee,112.0,4,0.0
0306d9a7-d52b-4981-8819-2b5da6fcab9d,433ef4fd-b0be-46ee-94ef-e6d4dd31960f,2025,2025-05-11,AVC,AVC Beach Tour Pingtan Open,Taravadee Naraphornrapat,112.0,4,0.0
fec17cb9-359f-4464-b9d4-b07b2a8109aa,c831fcf4-ce79-4192-a59a-2aebb864c31c,2025,2025-05-11,AVC,AVC Beach Tour Pingtan Open,Worapeerachayakorn Kongphopsarutawadee,112.0,4,0.0
31629652-aa26-4590-99d1-f88281ff6544,433ef4fd-b0be-46ee-94ef-e6d4dd31960f,2025,2025-04-05,AVC,AVC Beach Tour 2nd Nuvali Open,Taravadee Naraphornrapat,96.0,5,0.0
9dc21acf-a8b2-4159-b6cd-3c3298c90427,c831fcf4-ce79-4192-a59a-2aebb864c31c,2025,2025-04-05,AVC,AVC Beach Tour 2nd Nuvali Open,Worapeerachayakorn Kongphopsarutawadee,96.0,5,0.0
5e748d10-a96a-4af6-bc42-31f0e3b8483f,1322891b-68c1-4418-bceb-0c4d2787a6a5,2025,2025-10-19,FIVB,BPT Challenge Nuvali,Rumpaipruet Numwong,230.0,9,0.0
87c5dd46-d649-45a7-9964-b37f96b3d19f,dd8b6b97-b629-4462-ac81-722b9e677fe0,2025,2025-10-19,FIVB,BPT Challenge Nuvali,Tanarattha Udomchavee,230.0,9,0.0
5257e7de-1de3-43d1-a0b1-2da10c0c0dbc,1322891b-68c1-4418-bceb-0c4d2787a6a5,2025,2025-05-25,FIVB,BPT Futures Qingshan,Rumpaipruet Numwong,180.0,2,0.0
deb45840-63f8-40f4-90d3-5d3e03092b7b,dd8b6b97-b629-4462-ac81-722b9e677fe0,2025,2025-05-25,FIVB,BPT Futures Qingshan,Tanarattha Udomchavee,180.0,2,0.0
e63e2df2-63e5-4cec-b4b9-bdec726b8be4,1322891b-68c1-4418-bceb-0c4d2787a6a5,2025,2025-04-05,AVC,AVC Beach Tour 2nd Nuvali Open,Rumpaipruet Numwong,72.0,9,0.0
910b18ac-ba26-4d17-9614-5212c92ba257,dd8b6b97-b629-4462-ac81-722b9e677fe0,2025,2025-04-05,AVC,AVC Beach Tour 2nd Nuvali Open,Tanarattha Udomchavee,72.0,9,0.0
f4a85c3b-9183-422c-9baf-48e5ff4c4d70,1322891b-68c1-4418-bceb-0c4d2787a6a5,2025,2025-04-16,AVC,AVC Beach Tour 24th Samila Open,Rumpaipruet Numwong,72.0,9,0.0
4b339c81-4c2f-4bd6-861c-07a3b2cab5c4,dd8b6b97-b629-4462-ac81-722b9e677fe0,2025,2025-04-16,AVC,AVC Beach Tour 24th Samila Open,Tanarattha Udomchavee,72.0,9,0.0
eb4efde1-4bdc-42d6-a942-6667963a820b,1322891b-68c1-4418-bceb-0c4d2787a6a5,2025,2025-04-11,FIVB,BPT Futures Songkhla,Rumpaipruet Numwong,70.0,13,0.0
a2b87713-cf27-43d9-9bbd-5dc7ec192f50,dd8b6b97-b629-4462-ac81-722b9e677fe0,2025,2025-04-11,FIVB,BPT Futures Songkhla,Tanarattha Udomchavee,70.0,13,0.0
fbc38fae-823a-4a85-a477-4a3a8d150b42,1322891b-68c1-4418-bceb-0c4d2787a6a5,2025,2025-04-28,AVC,AVC Women's Beach Tour Phu Yen Open,Rumpaipruet Numwong,40.0,17,0.0
9e5e19db-ffd7-4650-abf7-387313ac1683,dd8b6b97-b629-4462-ac81-722b9e677fe0,2025,2025-04-28,AVC,AVC Women's Beach Tour Phu Yen Open,Tanarattha Udomchavee,40.0,17,0.0
65d26de8-89cb-42a7-b297-d20760f677e2,666392d2-0ed8-4500-9e5f-dfd1b918238a,2025,2025-04-05,AVC,AVC Beach Tour 2nd Nuvali Open,Yosi Firnanda,72.0,9,0.0
5f9c9af5-5c2f-40b0-b049-959c09123baa,a247c2ca-e313-43c9-9a7a-d44d6d453caa,2025,2025-04-05,AVC,AVC Beach Tour 2nd Nuvali Open,Danangsyah Pribadi,72.0,9,0.0
02d68f07-22c4-434e-8d2f-0b0b7b186cd0,666392d2-0ed8-4500-9e5f-dfd1b918238a,2025,2025-04-11,FIVB,BPT Futures Songkhla,Yosi Firnanda,90.0,9,0.0
89598d9f-cdec-4f77-b73c-80a44a9e2f0d,a247c2ca-e313-43c9-9a7a-d44d6d453caa,2025,2025-04-11,FIVB,BPT Futures Songkhla,Danangsyah Pribadi,90.0,9,0.0
e26b2f7e-0fe4-4783-bcb0-367af73396fc,666392d2-0ed8-4500-9e5f-dfd1b918238a,2025,2025-04-16,AVC,AVC Beach Tour 24th Samila Open,Yosi Firnanda,72.0,9,0.0
7dd50776-81e4-45ad-8db6-0dab8e5fb3c5,a247c2ca-e313-43c9-9a7a-d44d6d453caa,2025,2025-04-16,AVC,AVC Beach Tour 24th Samila Open,Danangsyah Pribadi,72.0,9,0.0
f2dcd38d-8c06-42fd-92e2-a004291c7560,666392d2-0ed8-4500-9e5f-dfd1b918238a,2025,2025-06-15,FIVB,BPT Futures Qingdao,Yosi Firnanda,70.0,13,0.0
9799b4c9-460e-4df0-a2de-4f606154d2f7,a247c2ca-e313-43c9-9a7a-d44d6d453caa,2025,2025-06-15,FIVB,BPT Futures Qingdao,Danangsyah Pribadi,70.0,13,0.0
0d2de66c-9dc2-411d-8cc1-6e6f2e607b92,666392d2-0ed8-4500-9e5f-dfd1b918238a,2025,2025-06-22,FIVB,BPT Futures Qidong,Yosi Firnanda,90.0,9,0.0
1d416a28-23f7-4293-910b-05e05a17c0e7,a247c2ca-e313-43c9-9a7a-d44d6d453caa,2025,2025-06-22,FIVB,BPT Futures Qidong,Danangsyah Pribadi,90.0,9,0.0
d51144fb-d791-46f1-b27c-68dc922c5d7d,666392d2-0ed8-4500-9e5f-dfd1b918238a,2025,2025-10-19,FIVB,BPT Challenge Nuvali,Yosi Firnanda,50.0,41,0.0
1fbe079f-a7a8-4083-a3d2-123608cf3787,a247c2ca-e313-43c9-9a7a-d44d6d453caa,2025,2025-10-19,FIVB,BPT Challenge Nuvali,Danangsyah Pribadi,50.0,41,0.0
d5aaa915-7f17-413c-a4ae-9fa5191ed4e0,84e7aa86-9c64-4c3e-bfd8-b678f0c1073c,2025,2025-10-19,FIVB,BPT Challenge Nuvali,Bintang Akbar,300.0,5,0.0
5ab8aaa1-b42f-4e01-9f03-f989592a85df,cf562d5f-d0b3-4977-b451-6050c24adb80,2025,2025-10-19,FIVB,BPT Challenge Nuvali,Sofyan Rachman Efendi,300.0,5,0.0
625ddbbf-361a-4ec6-b722-6a7755f079dd,84e7aa86-9c64-4c3e-bfd8-b678f0c1073c,2025,2025-06-15,FIVB,BPT Futures Qingdao,Bintang Akbar,180.0,2,0.0
e8a50cf2-29ed-4228-80c4-c8a95edff1c8,cf562d5f-d0b3-4977-b451-6050c24adb80,2025,2025-06-15,FIVB,BPT Futures Qingdao,Sofyan Rachman Efendi,180.0,2,0.0
238a594a-c336-4f50-8628-f171849aadd0,84e7aa86-9c64-4c3e-bfd8-b678f0c1073c,2025,2025-06-22,FIVB,BPT Futures Qidong,Bintang Akbar,140.0,4,0.0
77354618-35d3-4711-bad8-4f5a51ba2bdf,cf562d5f-d0b3-4977-b451-6050c24adb80,2025,2025-06-22,FIVB,BPT Futures Qidong,Sofyan Rachman Efendi,140.0,4,0.0
fb3ec40d-13e1-443b-91d6-2e442a9c5ed3,84e7aa86-9c64-4c3e-bfd8-b678f0c1073c,2025,2025-04-16,AVC,AVC Beach Tour 24th Samila Open,Bintang Akbar,112.0,4,0.0
8175aab3-b3d4-480d-891b-024a958ee20b,cf562d5f-d0b3-4977-b451-6050c24adb80,2025,2025-04-16,AVC,AVC Beach Tour 24th Samila Open,Sofyan Rachman Efendi,112.0,4,0.0
e5f6c45a-0072-4633-aeab-935685661cdf,84e7aa86-9c64-4c3e-bfd8-b678f0c1073c,2025,2025-04-11,FIVB,BPT Futures Songkhla,Bintang Akbar,90.0,9,0.0
3e90c03c-cd0c-4ebd-88c9-2a30be382d4d,cf562d5f-d0b3-4977-b451-6050c24adb80,2025,2025-04-11,FIVB,BPT Futures Songkhla,Sofyan Rachman Efendi,90.0,9,0.0
0b89ac2b-7c57-4228-8668-73e8c3a77d4d,84e7aa86-9c64-4c3e-bfd8-b678f0c1073c,2025,2025-04-05,AVC,AVC Beach Tour 2nd Nuvali Open,Bintang Akbar,72.0,9,0.0
36478b3f-4e3c-40bf-b044-d08d960dead8,cf562d5f-d0b3-4977-b451-6050c24adb80,2025,2025-04-05,AVC,AVC Beach Tour 2nd Nuvali Open,Sofyan Rachman Efendi,72.0,9,0.0
50002f6e-5bca-4c23-80a4-f531f24ab80d,b63142a1-5e99-4408-9a71-05015951452e,2025,2025-07-20,AVC,AVC Beach Tour Pingtung Open,Wei Chun Ler,72.0,9,0.0
c204144e-ef6e-4a5c-a884-6f87af4dfdfe,a081c7ac-afce-4d7c-bc24-5ad3083806fa,2025,2025-07-20,AVC,AVC Beach Tour Pingtung Open,Kai Xu Looi,72.0,9,0.0
13ac4da1-f4e8-4903-b99f-24fab4254754,b63142a1-5e99-4408-9a71-05015951452e,2025,2025-04-16,AVC,AVC Beach Tour 24th Samila Open,Wei Chun Ler,40.0,17,0.0
93a0b6a2-6e5d-4b78-86b8-ba30c4bf4cce,a081c7ac-afce-4d7c-bc24-5ad3083806fa,2025,2025-04-16,AVC,AVC Beach Tour 24th Samila Open,Kai Xu Looi,40.0,17,0.0
7dbc4676-3c4f-4f66-9155-00655578b35c,b63142a1-5e99-4408-9a71-05015951452e,2025,2025-05-11,AVC,AVC Beach Tour Pingtan,Wei Chun Ler,40.0,17,0.0
b95c2ea6-1850-4d71-9f90-24afcb720e0b,a081c7ac-afce-4d7c-bc24-5ad3083806fa,2025,2025-05-11,AVC,AVC Beach Tour Pingtan,Kai Xu Looi,40.0,17,0.0
97d03e2e-8989-4c73-ba8a-19f744a7a983,59d4ae60-797f-47a3-85d3-daffd3b716e5,2025,2025-05-04,FIVB,BPT Futures Nuvali,James Buytrago,120.0,5,0.0
925ea55d-6544-489d-b719-8bb4a5a35791,bdf9eef9-87ce-4031-a67c-7548ead2511a,2025,2025-05-04,FIVB,BPT Futures Nuvali,Rancel Varga,120.0,5,0.0
fc0aa56c-648b-4974-a38e-786a530ca1f7,59d4ae60-797f-47a3-85d3-daffd3b716e5,2025,2025-06-22,FIVB,BPT Futures Qidong,Ronniel Rosales,90.0,9,0.0
37a587cb-4dc9-4cb8-b493-c29fa5c469e9,888c6834-eaf0-41f3-9e98-6cf41eb9b759,2025,2025-06-22,FIVB,BPT Futures Qidong,Rancel Varga,90.0,9,0.0
b129358c-9393-4935-9724-1abe3069d2ab,59d4ae60-797f-47a3-85d3-daffd3b716e5,2025,2025-04-05,AVC,AVC Beach Tour 2nd Nuvali Open,James Buytrago,72.0,9,0.0
5426e728-a053-4021-bef4-40313c1e80ae,bdf9eef9-87ce-4031-a67c-7548ead2511a,2025,2025-04-05,AVC,AVC Beach Tour 2nd Nuvali Open,Rancel Varga,72.0,9,0.0
a5dcd1e3-6216-4927-97c3-9ec2bf75dffb,59d4ae60-797f-47a3-85d3-daffd3b716e5,2025,2025-04-16,AVC,AVC Beach Tour 24th Samila Open,James Buytrago,72.0,9,0.0
1b4b2997-b871-4264-85f1-20ad018d59a6,bdf9eef9-87ce-4031-a67c-7548ead2511a,2025,2025-04-16,AVC,AVC Beach Tour 24th Samila Open,Rancel Varga,72.0,9,0.0
a72b231a-67c5-4b40-81f7-9f83bf039fb6,59d4ae60-797f-47a3-85d3-daffd3b716e5,2025,2025-09-07,FIVB,BPT Futures Budapest,Ronniel Rosales,70.0,13,0.0
9069c442-4448-4f86-9c02-7a0ad1216dac,888c6834-eaf0-41f3-9e98-6cf41eb9b759,2025,2025-09-07,FIVB,BPT Futures Budapest,Rancel Varga,70.0,13,0.0
2bc79f0a-593d-46a3-8737-147886ca1498,59d4ae60-797f-47a3-85d3-daffd3b716e5,2025,2025-10-19,FIVB,BPT Challenge Nuvali,Ronniel Rosales,50.0,41,0.0
d7e68757-6194-48fa-b598-7238af93a8c4,888c6834-eaf0-41f3-9e98-6cf41eb9b759,2025,2025-10-19,FIVB,BPT Challenge Nuvali,Rancel Varga,50.0,41,0.0
8e9e6f59-3753-41c5-8b79-6406cea9fdc5,59d4ae60-797f-47a3-85d3-daffd3b716e5,2025,2025-04-11,FIVB,BPT Futures Songkhla,James Buytrago,30.0,21,0.0
2ba80667-c2cb-4d7a-8140-62e85a4c25a5,bdf9eef9-87ce-4031-a67c-7548ead2511a,2025,2025-04-11,FIVB,BPT Futures Songkhla,Rancel Varga,30.0,21,0.0
284e4283-7cf9-46a3-aceb-b3727145a4dc,59d4ae60-797f-47a3-85d3-daffd3b716e5,2025,2025-08-24,FIVB,BPT Futures Brno,Ronniel Rosales,30.0,21,0.0
e5f10bb9-0cd1-44aa-8e64-482a1dbfc09b,888c6834-eaf0-41f3-9e98-6cf41eb9b759,2025,2025-08-24,FIVB,BPT Futures Brno,Rancel Varga,30.0,21,0.0
59442815-82fd-4bef-ab51-190027e3b9c4,888c6834-eaf0-41f3-9e98-6cf41eb9b759,2025,2025-05-04,FIVB,BPT Futures Nuvali,Alexander Jhon Iraya,70.0,13,0.0
da64bfb5-fff1-42ab-84e1-edd961644787,cd7fa437-54fc-40ec-9523-825925183ec5,2025,2025-05-04,FIVB,BPT Futures Nuvali,Ronniel Rosales,70.0,13,0.0
05e38fc2-c3d5-41d4-b7c7-749adb5655a7,888c6834-eaf0-41f3-9e98-6cf41eb9b759,2025,2025-04-05,AVC,AVC Beach Tour 2nd Nuvali Open,Alexander Jhon Iraya,40.0,17,0.0
b6bb9065-5c0a-47c1-897a-9fed09931601,cd7fa437-54fc-40ec-9523-825925183ec5,2025,2025-04-05,AVC,AVC Beach Tour 2nd Nuvali Open,Ronniel Rosales,40.0,17,0.0
2bc41aff-819b-4297-a904-cfdd2c2917ea,bdf9eef9-87ce-4031-a67c-7548ead2511a,2025,2025-10-19,FIVB,BPT Challenge Nuvali,Alnakran Abdilla,110.0,25,0.0
2c574ed5-b198-4b37-9938-3555816d093b,d107650b-0bb0-4de5-8b26-335e6f239d90,2025,2025-10-19,FIVB,BPT Challenge Nuvali,James Buytrago,110.0,25,0.0
1ae03fe2-f3b0-4f26-98ce-cdd47b73e1ba,bdf9eef9-87ce-4031-a67c-7548ead2511a,2025,2025-08-24,FIVB,BPT Futures Brno,Alnakran Abdilla,70.0,13,0.0
3f9f1928-a8ac-4a9f-ae02-6ba86c4832bb,d107650b-0bb0-4de5-8b26-335e6f239d90,2025,2025-08-24,FIVB,BPT Futures Brno,James Buytrago,70.0,13,0.0
ccdd63ad-e910-4790-b7fd-514a4e29cf57,bdf9eef9-87ce-4031-a67c-7548ead2511a,2025,2025-09-07,FIVB,BPT Futures Budapest,Alnakran Abdilla,70.0,13,0.0
0cfcf7b9-75eb-434b-b399-d1f22255cf4c,d107650b-0bb0-4de5-8b26-335e6f239d90,2025,2025-09-07,FIVB,BPT Futures Budapest,James Buytrago,70.0,13,0.0
d177bb06-c2a1-48dc-9f37-5c14a03f34ed,b5772192-36ac-4ff7-b7d1-1218fb931692,2025,2025-04-16,AVC,AVC Beach Tour 24th Samila Open,"Cheng Feng, Renfred Eng",40.0,17,0.0
b879f12c-6064-41d0-9557-ba892422d2cd,de2f4d7b-09de-433d-b3fe-feb5980ebb8b,2025,2025-04-16,AVC,AVC Beach Tour 24th Samila Open,Daniel Wei Sheng Soon,40.0,17,0.0
54595a78-cef3-4964-8d28-1b130c351506,b5772192-36ac-4ff7-b7d1-1218fb931692,2025,2025-06-22,AVC,6th Asian U21 Beach Volleyball Championships,"Cheng Feng, Renfred Eng",80.0,5,0.0
ac650b5f-bc38-462f-8e83-74f0935a12a4,de2f4d7b-09de-433d-b3fe-feb5980ebb8b,2025,2025-06-22,AVC,6th Asian U21 Beach Volleyball Championships,Daniel Wei Sheng Soon,80.0,5,0.0
612ee078-a89e-4f56-bba6-73cb84277738,e9e90a56-759f-4ff2-9997-7134dc89883d,2025,2025-07-20,AVC,AVC Beach Tour Pingtung Open,Yong Chen Lucas Kim,40.0,17,0.0
15995d06-0c26-4ee5-bea8-df22dbfbd494,7e1dd3a0-8436-4c94-9562-1ae8db67b18c,2025,2025-07-20,AVC,AVC Beach Tour Pingtung Open,Lucas Jun Yang Gan,40.0,17,0.0
302a0b97-c395-4c16-b71f-7714bfdb9399,3c9abb13-d146-4c1c-8695-fe1286c9b048,2025,2025-06-22,AVC,6th Asian U21 Beach Volleyball Championships,Rehan Tharusha Fernando,60.0,9,0.0
fba4f2d4-1e9d-44ef-a312-0e0be9c191ac,b7a81c98-8fe3-462b-8e44-816064b52efa,2025,2025-06-22,AVC,6th Asian U21 Beach Volleyball Championships,Ranjiv Sasikumar,60.0,9,0.0
1150c072-f3db-4577-ad60-052efb33e00e,3c9abb13-d146-4c1c-8695-fe1286c9b048,2025,2025-04-16,AVC,AVC Beach Tour 24th Samila Open,Rehan Tharusha Fernando,24.0,25,0.0
4db047a1-f4f3-4f88-a77f-ba49d6c9d3d6,b7a81c98-8fe3-462b-8e44-816064b52efa,2025,2025-04-16,AVC,AVC Beach Tour 24th Samila Open,Ranjiv Sasikumar,24.0,25,0.0
cccfdd80-48b8-431d-bf39-966c9221322a,b39918ca-536b-4ce4-ac5c-0af81e764d95,2025,2025-03-30,FIVB,BPT Futures Coolangatta,Netitorn Muneekul,120.0,5,0.0
736f6314-dcd1-4ac5-afc9-f743b50ba7bc,6b966bc5-0665-4a48-b52b-b9faa887f1c0,2025,2025-03-30,FIVB,BPT Futures Coolangatta,Wachirawit Muadpha,120.0,5,0.0
1e6beb0b-3a54-424c-aa12-b9f8d8c8b4ac,b39918ca-536b-4ce4-ac5c-0af81e764d95,2025,2025-05-25,FIVB,BPT Futures Qingshan,Netitorn Muneekul,120.0,5,0.0
2c36e0e9-7336-4feb-9b3a-31a7f39145f8,6b966bc5-0665-4a48-b52b-b9faa887f1c0,2025,2025-05-25,FIVB,BPT Futures Qingshan,Wachirawit Muadpha,120.0,5,0.0
3af2a9c0-c13e-4f22-82a3-88f39a4deab1,b39918ca-536b-4ce4-ac5c-0af81e764d95,2025,2025-05-03,AVC,AVC Men's Beach Tour Doha Open,Netitorn Muneekul,112.0,4,0.0
7b9c3a45-e8c2-4edb-88f2-3225313b1ce9,6b966bc5-0665-4a48-b52b-b9faa887f1c0,2025,2025-05-03,AVC,AVC Men's Beach Tour Doha Open,Wachirawit Muadpha,112.0,4,0.0
0bfc1136-aa8d-4048-bd23-1ae60d315aa5,b39918ca-536b-4ce4-ac5c-0af81e764d95,2025,2025-05-11,AVC,AVC Beach Tour Pingtan Open,Netitorn Muneekul,96.0,5,0.0
b056a3e6-89bc-4031-a09e-37b289b1f7db,6b966bc5-0665-4a48-b52b-b9faa887f1c0,2025,2025-05-11,AVC,AVC Beach Tour Pingtan Open,Wachirawit Muadpha,96.0,5,0.0
005397f9-f478-44ff-a29a-aecf7ae7e52b,b39918ca-536b-4ce4-ac5c-0af81e764d95,2025,2025-04-16,AVC,AVC Beach Tour 24th Samila Open,Netitorn Muneekul,72.0,9,0.0
b980049f-e03a-4218-a79a-ea770d8f4080,6b966bc5-0665-4a48-b52b-b9faa887f1c0,2025,2025-04-16,AVC,AVC Beach Tour 24th Samila Open,Wachirawit Muadpha,72.0,9,0.0
78c16dca-dbc3-4dc0-b1a0-ba72c5ed9a1b,b39918ca-536b-4ce4-ac5c-0af81e764d95,2025,2025-07-20,AVC,AVC Beach Tour Pingtung Open,Pithak Tipjan,72.0,9,0.0
ee91c10a-1adc-4395-bdc7-8f05ece54301,aeb19f90-a466-4545-97e1-4b2f29a619da,2025,2025-07-20,AVC,AVC Beach Tour Pingtung Open,Wachirawit Muadpha,72.0,9,0.0
1676ac24-e362-478b-b82b-66da53dd5053,3ec0e4fa-2d90-437c-a45a-00f4cd2ec792,2025,2025-04-11,FIVB,BPT Futures Songkhla,Banlue Nakprakhong,160.0,3,0.0
c28f2d29-ee5f-4f61-b9b6-295787cd3a3e,bd40f09b-97ed-4b6a-8545-03c7876e8665,2025,2025-04-11,FIVB,BPT Futures Songkhla,Dunwinit Kaewsai,160.0,3,0.0
c2e33d48-3041-4884-89a0-fd6e5c40c7e6,3ec0e4fa-2d90-437c-a45a-00f4cd2ec792,2025,2025-05-25,FIVB,BPT Futures Qingshan,Banlue Nakprakhong,120.0,5,0.0
81848579-4da8-4513-8cb0-7f8b3a8c6268,bd40f09b-97ed-4b6a-8545-03c7876e8665,2025,2025-05-25,FIVB,BPT Futures Qingshan,Dunwinit Kaewsai,120.0,5,0.0
67c707f8-f908-4d5e-af38-7c133125e7f7,3ec0e4fa-2d90-437c-a45a-00f4cd2ec792,2025,2025-05-11,AVC,AVC Beach Tour Pingtan Open,Banlue Nakprakhong,96.0,5,0.0
269a12f4-3781-41df-84a9-c39b3e98eb25,bd40f09b-97ed-4b6a-8545-03c7876e8665,2025,2025-05-11,AVC,AVC Beach Tour Pingtan Open,Dunwinit Kaewsai,96.0,5,0.0
243520cc-83e5-405b-848c-ceb5074e7f04,3ec0e4fa-2d90-437c-a45a-00f4cd2ec792,2025,2025-05-03,AVC,AVC Men's Beach Tour Doha Open,Banlue Nakprakhong,96.0,5,0.0
aa9a79f3-18f8-4fe2-bf80-d96d9cf7cf5c,bd40f09b-97ed-4b6a-8545-03c7876e8665,2025,2025-05-03,AVC,AVC Men's Beach Tour Doha Open,Dunwinit Kaewsai,96.0,5,0.0
894abb67-e3e6-4f3f-99cc-61f83b7f247f,3ec0e4fa-2d90-437c-a45a-00f4cd2ec792,2025,2025-04-05,AVC,AVC Beach Tour 2nd Nuvali Open,Banlue Nakprakhong,72.0,9,0.0
8fa9dca7-6d61-4052-9388-92ae2361281f,bd40f09b-97ed-4b6a-8545-03c7876e8665,2025,2025-04-05,AVC,AVC Beach Tour 2nd Nuvali Open,Dunwinit Kaewsai,72.0,9,0.0
d612d5e0-892b-4ed0-8d01-bca3e86f8eaa,3ec0e4fa-2d90-437c-a45a-00f4cd2ec792,2025,2025-04-16,AVC,AVC Beach Tour 24th Samila Open,Banlue Nakprakhong,72.0,9,0.0
834f679b-2926-4d41-96cc-013ac458bdb5,bd40f09b-97ed-4b6a-8545-03c7876e8665,2025,2025-04-16,AVC,AVC Beach Tour 24th Samila Open,Dunwinit Kaewsai,72.0,9,0.0
18531149-edb0-486d-a4ed-1618ff28ba3f,3ec0e4fa-2d90-437c-a45a-00f4cd2ec792,2025,2025-07-20,AVC,AVC Beach Tour Pingtung Open,Nobphadon Sukphuwong,72.0,9,0.0
a953a9db-e43a-4dbe-a0d6-6ce2603e54e8,be7e8b7f-e111-4a88-8433-9de98eb5b2db,2025,2025-07-20,AVC,AVC Beach Tour Pingtung Open,Dunwinit Kaewsai,72.0,9,0.0
8d503155-c881-4d1c-9402-84b231eae1ec,7852e4bc-1cfc-474b-aef3-49678e34e633,2025,2025-05-25,FIVB,BPT Futures Qingshan,Pithak Tipjan,120.0,5,0.0
57670fcd-9ea9-4336-aa04-57b0a7d84abd,aeb19f90-a466-4545-97e1-4b2f29a619da,2025,2025-05-25,FIVB,BPT Futures Qingshan,Poravid Taovato,120.0,5,0.0
ca8dacfe-e547-4d10-8265-dfb30ef0eb15,7852e4bc-1cfc-474b-aef3-49678e34e633,2025,2025-04-05,AVC,AVC Beach Tour 2nd Nuvali Open,Pithak Tipjan,96.0,5,0.0
c9594f96-c77c-4019-8b42-bc280ff4689a,aeb19f90-a466-4545-97e1-4b2f29a619da,2025,2025-04-05,AVC,AVC Beach Tour 2nd Nuvali Open,Poravid Taovato,96.0,5,0.0
57f12b3d-c211-467e-a80b-b35f7c174aeb,7852e4bc-1cfc-474b-aef3-49678e34e633,2025,2025-03-30,FIVB,BPT Futures Coolangatta,Pithak Tipjan,90.0,9,0.0
6666414c-fd25-4edf-80b1-6e623e8e1209,aeb19f90-a466-4545-97e1-4b2f29a619da,2025,2025-03-30,FIVB,BPT Futures Coolangatta,Poravid Taovato,90.0,9,0.0
315c6611-a4ce-4d70-aeec-956a5d31a01f,7852e4bc-1cfc-474b-aef3-49678e34e633,2025,2025-04-16,AVC,AVC Beach Tour 24th Samila Open,Pithak Tipjan,72.0,9,0.0
840d8fd6-504a-4fea-af50-39c7d094f253,aeb19f90-a466-4545-97e1-4b2f29a619da,2025,2025-04-16,AVC,AVC Beach Tour 24th Samila Open,Poravid Taovato,72.0,9,0.0
e33c7e3b-0ef0-4699-b1d5-9353b320abee,7852e4bc-1cfc-474b-aef3-49678e34e633,2025,2025-05-11,AVC,AVC Beach Tour Pingtan Open,Nobphadon Sukphuwong,72.0,9,0.0
c7790f38-4e1b-4cd7-981e-e0dbe93d8f40,be7e8b7f-e111-4a88-8433-9de98eb5b2db,2025,2025-05-11,AVC,AVC Beach Tour Pingtan Open,Poravid Taovato,72.0,9,0.0
2c750949-dfb9-49ea-93d2-89b3f1221913,7852e4bc-1cfc-474b-aef3-49678e34e633,2025,2025-07-20,AVC,AVC Beach Tour Pingtung Open,Netitorn Muneekul,72.0,9,0.0
f0cb0cbb-0880-47b3-bd14-7df2843a35cd,6b966bc5-0665-4a48-b52b-b9faa887f1c0,2025,2025-07-20,AVC,AVC Beach Tour Pingtung Open,Poravid Taovato,72.0,9,0.0
9a0ac11d-b379-4112-b1bc-4b52b0a2d716,6b966bc5-0665-4a48-b52b-b9faa887f1c0,2025,2025-04-11,FIVB,BPT Futures Songkhla,Phanupong Thanan,70.0,13,0.0
702b3196-68fe-40d6-98b9-22d16a43737e,8241fa35-bcd5-4ee0-bc92-2a1c6a0c6f30,2025,2025-04-11,FIVB,BPT Futures Songkhla,Netitorn Muneekul,70.0,13,0.0
a2b85da1-6011-4f36-a6d0-5d66db4bfead,cabda828-1fde-48dc-8095-7ef46c30327d,2025,2025-07-20,AVC,AVC Beach Tour Pingtung Open,Duy Hoan Ho,40.0,17,0.0
a597da6b-3f1b-4ff9-bbad-98e10ceeed3b,03260c3a-c66b-410d-bbf4-4b953cd888e2,2025,2025-07-20,AVC,AVC Beach Tour Pingtung Open,Hoang Y Le,40.0,17,0.0
660c7e5d-1f44-4664-8d09-38178e28afe9,6b2b6922-9c40-4ece-9785-007c915c7251,2025,2025-04-16,AVC,AVC Beach Tour 24th Samila Open,Naila Dipoditiro Francesca,24.0,25,0.0
f7206e40-afae-4ed8-a752-430168de67c0,6b2b6922-9c40-4ece-9785-007c915c7251,2025,2025-04-11,FIVB,BPT Futures Songkhla,Naila Dipoditiro Francesca,30.0,21,0.0
f2e31a0b-7572-4aa5-9a91-507e60845eaf,3336526f-2996-4dd6-aa94-cccbeca1f887,2025,2025-12-19,AVC Multi/Zonal,33rd SEA Games,Bernadeth Pons,120.0,1,0.0
0b126262-fde9-484f-b429-8e6ceacd4092,e94a3a34-7c5e-4f64-bc00-d69048a78921,2025,2025-12-19,AVC Multi/Zonal,33rd SEA Games,Cherry Ann Rondina,120.0,1,0.0
d5dda8ef-4d34-483c-ac7e-f9056a9a780a,598e9136-8be8-4814-9dd6-3122eba113ed,2025,2025-12-19,AVC Multi/Zonal,33rd SEA Games,Sunnie Kalani Villapando,120.0,1,0.0
2b9080df-7a3b-4a04-a36f-3df347dfbca9,606cf6c4-75f8-4b80-8b93-6bfaf46cd938,2025,2025-12-19,AVC Multi/Zonal,33rd SEA Games,Floremel Rodriguez,120.0,1,0.0
fc60590e-bfc8-454c-b3f0-d5055ef3c03c,433ef4fd-b0be-46ee-94ef-e6d4dd31960f,2025,2025-12-19,AVC Multi/Zonal,33rd SEA Games,Taravadee Naraphornrapat,108.0,2,0.0
b23f5396-aa52-47fd-9687-a76056fcd6b7,c831fcf4-ce79-4192-a59a-2aebb864c31c,2025,2025-12-19,AVC Multi/Zonal,33rd SEA Games,Worapeerachayakorn Kongphopsarutawadee,108.0,2,0.0
2d87e2aa-1e89-4dc4-aaf2-12ce489581eb,1322891b-68c1-4418-bceb-0c4d2787a6a5,2025,2025-12-19,AVC Multi/Zonal,33rd SEA Games,Rumpaipruet Numwong,108.0,2,0.0
b184fc42-133a-4381-bfde-ceb0dc3459de,dd8b6b97-b629-4462-ac81-722b9e677fe0,2025,2025-12-19,AVC Multi/Zonal,33rd SEA Games,Tanarattha Udomchavee,108.0,2,0.0
adb7b4a7-1b49-4d7f-a29c-751a8bc4573c,17353db8-95b0-4dbd-9dc1-0303f1082fdb,2025,2025-12-19,AVC Multi/Zonal,33rd SEA Games,Hong Hanh Mai,96.0,3,0.0
8e161783-94bb-4123-b2f1-8d8889a6fbaf,ffb26e82-4964-41ad-b625-2d279de10916,2025,2025-12-19,AVC Multi/Zonal,33rd SEA Games,Thi My Nga Dinh,96.0,3,0.0
6f78e3da-8462-4e4e-99d1-6e02013cfa28,a16d05de-efeb-4791-93e0-845732945be4,2025,2025-12-19,AVC Multi/Zonal,33rd SEA Games,Le Thi Tuong Vy Nguyen,96.0,3,0.0
32ec602b-9ca7-48f6-879d-0b35d695e231,f599e45e-2aca-4272-876b-a4042c56de38,2025,2025-12-19,AVC Multi/Zonal,33rd SEA Games,Ngoc Lan Chau,96.0,3,0.0
97e47b59-72ef-4149-9573-6ed4fca823f3,56e40e6c-99af-483c-9acf-e7309812d213,2025,2025-12-19,AVC Multi/Zonal,33rd SEA Games,Nur Sari,84.0,4,0.0
5fabe17c-96df-46d0-9376-14557c005a5c,47ea4b25-6c9f-4deb-be98-11b74d6b6602,2025,2025-12-19,AVC Multi/Zonal,33rd SEA Games,Desi Ratnasari,84.0,4,0.0
6ef99203-963a-4528-b540-d4685eb9dd9a,59d921d3-d71e-42fd-a36a-7930e2c32316,2025,2025-12-19,AVC Multi/Zonal,33rd SEA Games,Bernadetta Shella Herdanti,84.0,4,0.0
2b928b4f-a010-4d25-ae11-3b5549cfa91c,94490317-600f-4416-87c5-b239fb0d4693,2025,2025-12-19,AVC Multi/Zonal,33rd SEA Games,Josephine Selvina Anasthasya Kaize,84.0,4,0.0
1c6ffe30-f305-4aa9-a1f4-cb23d7cf5da6,70126309-59dd-4ba6-8ba4-59e743e9de18,2025,2025-12-19,AVC Multi/Zonal,33rd SEA Games,Noor Aishah Iskandar,72.0,5,0.0
9cf5a71b-4d0f-41f7-8056-00e40e5c1447,b839ca24-736c-4f9d-965d-b85df558cc15,2025,2025-12-19,AVC Multi/Zonal,33rd SEA Games,Farwizah Aina Ahmad Nizar,72.0,5,0.0
a79fadbf-2a9f-4ae6-a668-d16fe0af26c4,50e5860a-cd56-419d-ada4-7bfee305ed1d,2025,2025-12-19,AVC Multi/Zonal,33rd SEA Games,Shamsulrizal Nur Auni Maisarah,72.0,5,0.0
f2687a25-814b-4594-82fa-e2d5630c0d74,a72180a5-1703-434d-9c25-504ecf566c12,2025,2025-12-19,AVC Multi/Zonal,33rd SEA Games,Tasha Mae,72.0,5,0.0
6a6ffb1e-326e-4a58-8522-58fe70224e4d,7fb17bdb-7aa3-445c-a9ef-8b83cfc38859,2025,2025-12-19,AVC Multi/Zonal,33rd SEA Games,Tin Wing Chan,72.0,6,0.0
010cb951-8132-49d2-97bb-85caa2445196,ad62ef1f-5f0d-4ad2-a961-59e6c48ec605,2025,2025-12-19,AVC Multi/Zonal,33rd SEA Games,Eliza Chong,72.0,6,0.0
280729c8-1b33-4ecd-9104-05ddd7abc9ea,a5153424-8f59-4cfa-9a3e-2ea508c1b82f,2025,2025-12-19,AVC Multi/Zonal,33rd SEA Games,Hui Ying Ang,72.0,6,0.0
d3f04f4f-75ca-4c49-a4af-b115708ef1e7,6b2b6922-9c40-4ece-9785-007c915c7251,2025,2025-12-19,AVC Multi/Zonal,33rd SEA Games,Xin En Valerie Lee,72.0,6,0.0
0d718995-dee1-4c95-997a-519b7c94b95e,574623a9-c364-423f-9c57-2e658e356fd4,2025,2025-12-19,AVC Multi/Zonal,33rd SEA Games,Chanthaphone Xayyakhom,63.0,7,0.0
54195a29-acbf-49d9-9b8d-03c62789fc8a,13a040e8-042e-459b-a3a6-8ea1cbe6651a,2025,2025-12-19,AVC Multi/Zonal,33rd SEA Games,Phithak Mingmoon,63.0,7,0.0
bfc3c54f-9abf-4169-b9c0-e476e9d0567c,9aa5212a-f9fb-4adf-be38-f67c73ae9dd7,2025,2025-12-19,AVC Multi/Zonal,33rd SEA Games,Chansabab Chanthongdeng,63.0,7,0.0
52677b56-25d6-41fb-9731-1701807858e6,940a3cce-e83b-4113-87ca-90522c44ce8a,2025,2025-12-19,AVC Multi/Zonal,33rd SEA Games,Bounmixay Phommachan,63.0,7,0.0
c444c8c6-1cc0-4153-8555-b331807236f4,3c9abb13-d146-4c1c-8695-fe1286c9b048,2025,2025-12-19,AVC Multi/Zonal,33rd SEA Games,"Cheng Feng, Renfred Eng",72.0,6,0.0
809f1f05-a660-4c39-91bf-245cb98786da,de2f4d7b-09de-433d-b3fe-feb5980ebb8b,2025,2025-12-19,AVC Multi/Zonal,33rd SEA Games,Ranjiv Sasikumar,72.0,6,0.0
b6b3e28c-4b30-4bd6-bfdf-6548261ec378,e9e90a56-759f-4ff2-9997-7134dc89883d,2025,2025-12-19,AVC Multi/Zonal,33rd SEA Games,Daniel Wei Sheng Soon,72.0,6,0.0
6155c853-0334-402e-ba8c-b5d1cdb535c3,b5772192-36ac-4ff7-b7d1-1218fb931692,2025,2025-12-19,AVC Multi/Zonal,33rd SEA Games,Lucas Jun Yang Gan,72.0,6,0.0
605d7f55-c235-4d45-89cd-129a2eb30575,888c6834-eaf0-41f3-9e98-6cf41eb9b759,2025,2025-12-19,AVC Multi/Zonal,33rd SEA Games,Rancel Varga,72.0,5,0.0
f8b65fd2-b26f-4432-afae-9a6badc5c789,59d4ae60-797f-47a3-85d3-daffd3b716e5,2025,2025-12-19,AVC Multi/Zonal,33rd SEA Games,Ronniel Rosales,72.0,5,0.0
5a48407c-a945-4b39-ad1d-211eeaa8ef2b,d107650b-0bb0-4de5-8b26-335e6f239d90,2025,2025-12-19,AVC Multi/Zonal,33rd SEA Games,James Buytrago,72.0,5,0.0
9f376785-93be-4972-afe0-0b33135397fc,bdf9eef9-87ce-4031-a67c-7548ead2511a,2025,2025-12-19,AVC Multi/Zonal,33rd SEA Games,Alnakran Abdilla,72.0,5,0.0
fb98226a-5474-45fa-af27-9e2e46019d74,b4077c5e-ab81-4a80-87c6-cf295430d789,2025,2025-12-19,AVC Multi/Zonal,33rd SEA Games,Kai Xu Looi,84.0,4,0.0
b0387637-cc28-4a6b-b4e0-3d8c85449b8f,b63142a1-5e99-4408-9a71-05015951452e,2025,2025-12-19,AVC Multi/Zonal,33rd SEA Games,De Ren Ho,84.0,4,0.0
e2308908-1e9d-4111-b3ed-35acadf073ea,3def9f78-8124-434e-9ee9-d94680aafe2f,2025,2025-12-19,AVC Multi/Zonal,33rd SEA Games,Muhammad Isma Haziq,84.0,4,0.0
760b43b3-3eb0-49f2-a534-54534ade3890,4ab36154-cd26-4b26-8696-18852ce9c556,2025,2025-12-19,AVC Multi/Zonal,33rd SEA Games,Muhammad Fahmi Bin Mazlan,84.0,4,0.0
df81863f-2234-4eb4-a6b5-260e22a2c51f,bdbeab59-a3aa-44b7-8826-50833d059868,2025,2025-12-19,AVC Multi/Zonal,33rd SEA Games,Hoang Y Le,96.0,3,0.0
77122256-1eca-4f55-a56b-1b8966e96098,cabda828-1fde-48dc-8095-7ef46c30327d,2025,2025-12-19,AVC Multi/Zonal,33rd SEA Games,Anh Tuan Nguyen,96.0,3,0.0
da004895-6ba1-4722-b811-e55146969555,1ee61f3c-4f9d-48c2-87f1-e20ada3a5024,2025,2025-12-19,AVC Multi/Zonal,33rd SEA Games,Lam Toi Nguyen,96.0,3,0.0
9ed3b420-3706-4278-b3dd-ff5aa69178a5,10367d1d-9b86-46e6-8563-28b52debfd7c,2025,2025-12-19,AVC Multi/Zonal,33rd SEA Games,Van Viet Tran,96.0,3,0.0
4c408599-49dc-4913-9520-8f31bdafbfea,3ec0e4fa-2d90-437c-a45a-00f4cd2ec792,2025,2025-12-19,AVC Multi/Zonal,33rd SEA Games,Wachirawit Muadpha,108.0,2,0.0
faf4f853-5e41-40ba-9ac9-270adb9e5661,b39918ca-536b-4ce4-ac5c-0af81e764d95,2025,2025-12-19,AVC Multi/Zonal,33rd SEA Games,Dunwinit Kaewsai,108.0,2,0.0
2f77cf51-38d8-483d-9fcd-71baaa63883a,6b966bc5-0665-4a48-b52b-b9faa887f1c0,2025,2025-12-19,AVC Multi/Zonal,33rd SEA Games,Poravid Taovato,108.0,2,0.0
4742f16a-99d3-4f6c-b2c1-d002703f6cce,7852e4bc-1cfc-474b-aef3-49678e34e633,2025,2025-12-19,AVC Multi/Zonal,33rd SEA Games,Netitorn Muneekul,108.0,2,0.0
ddd96e52-18ec-46b3-b575-3c6f695e636d,cf562d5f-d0b3-4977-b451-6050c24adb80,2025,2025-12-19,AVC Multi/Zonal,33rd SEA Games,Sofyan Rachman Efendi,120.0,1,0.0
ad83e985-6193-4856-acb4-43af5a93827f,84e7aa86-9c64-4c3e-bfd8-b678f0c1073c,2025,2025-12-19,AVC Multi/Zonal,33rd SEA Games,Bintang Akbar,120.0,1,0.0
33904476-7712-4eb2-aa1a-b4c490cb2ffa,a247c2ca-e313-43c9-9a7a-d44d6d453caa,2025,2025-12-19,AVC Multi/Zonal,33rd SEA Games,Danangsyah Pribadi,120.0,1,0.0
d01862fc-4e08-4b05-8577-5aacd8dfc73f,666392d2-0ed8-4500-9e5f-dfd1b918238a,2025,2025-12-19,AVC Multi/Zonal,33rd SEA Games,Yosi Firnanda,120.0,1,0.0
5172a613-5d25-42d2-9d01-878c05e753dc,d9789faf-7b3c-4240-8c90-6b7dcdb55e37,2025,2025-02-02,FIVB,NT - Mount Maunganui,Meile Rose Green,14.0,4,0.0
c5b4055c-b550-47f7-ab81-643faebae913,a1953ba5-4c0c-4d2f-8e9c-368a12e42bb8,2025,2025-02-02,FIVB,NT - Mount Maunganui,Shaunna Polley,14.0,4,0.0
b5bba525-661c-4345-9222-0696e912b00b,d9789faf-7b3c-4240-8c90-6b7dcdb55e37,2025,2025-02-16,FIVB,NT - Christchurch,Alice Zeimann,20.0,1,0.0
c360ad25-8f5a-49b9-ab29-fbf7e9f6da91,73926ac3-feab-4351-8b36-deb0c1a0366e,2025,2025-02-16,FIVB,NT - Christchurch,Shaunna Polley,20.0,1,0.0
647974fe-8b04-4e48-aa0a-353f58ca63e9,d9789faf-7b3c-4240-8c90-6b7dcdb55e37,2025,2025-03-09,FIVB,BPT Futures Mount Maunganui,Olivia Macdonald,120.0,5,300.0
e0309448-907d-421f-a95f-52a3ff1ee641,65b1fd0c-76e5-494e-8953-37f47f1bd3e8,2025,2025-03-09,FIVB,BPT Futures Mount Maunganui,Shaunna Polley,120.0,5,300.0
f94e7d84-965f-481d-abcb-7c066c4a0c15,d9789faf-7b3c-4240-8c90-6b7dcdb55e37,2025,2025-03-23,FIVB,BPT Challenge Yucatan,Olivia Macdonald,90.0,33,0.0
cc45ec90-c35d-49f6-9e43-56a52ac5799b,65b1fd0c-76e5-494e-8953-37f47f1bd3e8,2025,2025-03-23,FIVB,BPT Challenge Yucatan,Shaunna Polley,90.0,33,0.0
b28df028-a683-44bf-9604-fb40d59fffb7,d9789faf-7b3c-4240-8c90-6b7dcdb55e37,2025,2025-03-30,FIVB,BPT Elite Quintana Roo,Olivia Macdonald,150.0,25,0.0
80631ba1-aa2d-4dd7-b94a-3c7a5d3ae58f,65b1fd0c-76e5-494e-8953-37f47f1bd3e8,2025,2025-03-30,FIVB,BPT Elite Quintana Roo,Shaunna Polley,150.0,25,0.0
7e490aa8-8f52-457c-84d1-072d87874532,d9789faf-7b3c-4240-8c90-6b7dcdb55e37,2025,2025-04-05,AVC,AVC Beach Tour 2nd Nuvali Open,Olivia Macdonald,144.0,2,0.0
a2a95a91-44ec-41b6-811f-153a3733a417,65b1fd0c-76e5-494e-8953-37f47f1bd3e8,2025,2025-04-05,AVC,AVC Beach Tour 2nd Nuvali Open,Shaunna Polley,144.0,2,0.0
f39c1754-fc54-4d1f-859a-506ac2cdda2c,d9789faf-7b3c-4240-8c90-6b7dcdb55e37,2025,2025-04-11,FIVB,BPT Futures Songkhla,Olivia Macdonald,120.0,5,300.0
e6a70426-23c8-4287-bb49-2bb32de48d4f,65b1fd0c-76e5-494e-8953-37f47f1bd3e8,2025,2025-04-11,FIVB,BPT Futures Songkhla,Shaunna Polley,120.0,5,300.0
7a45d9f2-bff6-4436-996d-15dfd91b41c5,d9789faf-7b3c-4240-8c90-6b7dcdb55e37,2025,2025-04-16,AVC,AVC Beach Tour 24th Samila Open,Olivia Macdonald,144.0,2,0.0
fb1603a6-043f-49be-a5fc-a688b89b2b8b,65b1fd0c-76e5-494e-8953-37f47f1bd3e8,2025,2025-04-16,AVC,AVC Beach Tour 24th Samila Open,Shaunna Polley,144.0,2,0.0
38fa0208-b7fd-4811-8aa5-19483b344b54,d9789faf-7b3c-4240-8c90-6b7dcdb55e37,2025,2025-04-28,AVC,AVC Women's Beach Tour Phu Yen Open,Olivia Macdonald,160.0,1,0.0
22829ac8-af46-4037-bcb7-2a974b038f1c,65b1fd0c-76e5-494e-8953-37f47f1bd3e8,2025,2025-04-28,AVC,AVC Women's Beach Tour Phu Yen Open,Shaunna Polley,160.0,1,0.0
657553e2-34c4-421d-b9b4-9838ab0f1e24,d9789faf-7b3c-4240-8c90-6b7dcdb55e37,2025,2025-05-04,FIVB,BPT Futures Nuvali,Olivia Macdonald,200.0,1,1000.0
959a26f7-9d2a-4a20-85f0-c090a803620f,65b1fd0c-76e5-494e-8953-37f47f1bd3e8,2025,2025-05-04,FIVB,BPT Futures Nuvali,Shaunna Polley,200.0,1,1000.0
026e5931-d57d-4bd4-a56b-6be32c414c38,d9789faf-7b3c-4240-8c90-6b7dcdb55e37,2025,2025-05-11,AVC,AVC Beach Tour Pingtan Open,Olivia Macdonald,72.0,9,0.0
cecb9a4d-2f17-484f-a2cd-d3dd588c7d48,65b1fd0c-76e5-494e-8953-37f47f1bd3e8,2025,2025-05-11,AVC,AVC Beach Tour Pingtan Open,Shaunna Polley,72.0,9,0.0
6cf5b7fe-cb7b-4e36-97ed-5511daa088af,d9789faf-7b3c-4240-8c90-6b7dcdb55e37,2025,2025-05-18,FIVB,BPT Challenge Xiamen,Olivia Macdonald,90.0,33,0.0
5a416574-7897-4251-befc-57a21eb38da5,65b1fd0c-76e5-494e-8953-37f47f1bd3e8,2025,2025-05-18,FIVB,BPT Challenge Xiamen,Shaunna Polley,90.0,33,0.0
dec87159-83a1-4447-a5f1-bf351762f568,d9789faf-7b3c-4240-8c90-6b7dcdb55e37,2025,2025-06-15,FIVB,BPT Challenge Alanya,Olivia Macdonald,230.0,9,3250.0
3ad0bc5f-f501-44ff-8360-71b59eb21076,65b1fd0c-76e5-494e-8953-37f47f1bd3e8,2025,2025-06-15,FIVB,BPT Challenge Alanya,Shaunna Polley,230.0,9,3250.0
6bf5f434-7884-415f-8c94-36b2042b5661,d9789faf-7b3c-4240-8c90-6b7dcdb55e37,2025,2025-06-29,FIVB,BPT Challenge Warmia Mazury,Olivia Macdonald,110.0,25,1500.0
f74ffb01-2b68-4498-94aa-38a60038e0bb,65b1fd0c-76e5-494e-8953-37f47f1bd3e8,2025,2025-06-29,FIVB,BPT Challenge Warmia Mazury,Shaunna Polley,110.0,25,1500.0
4152650a-4b7b-409e-a86d-b696bb6c451c,d9789faf-7b3c-4240-8c90-6b7dcdb55e37,2025,2025-09-21,FIVB,BPT Elite João Pessoa,Olivia Macdonald,150.0,25,0.0
e48057f4-ce3f-4932-9ad1-3c6684fc4165,65b1fd0c-76e5-494e-8953-37f47f1bd3e8,2025,2025-09-21,FIVB,BPT Elite João Pessoa,Shaunna Polley,150.0,25,0.0
bec28622-d641-4a81-8d66-8bef80f1ccc1,d9789faf-7b3c-4240-8c90-6b7dcdb55e37,2025,2025-09-28,FIVB,BPT Elite Rio de Janeiro,Olivia Macdonald,150.0,25,0.0
3620e42f-a857-42d8-bc3b-51720339b188,65b1fd0c-76e5-494e-8953-37f47f1bd3e8,2025,2025-09-28,FIVB,BPT Elite Rio de Janeiro,Shaunna Polley,150.0,25,0.0
026380d0-32a7-48a4-8765-a42880be4410,d9789faf-7b3c-4240-8c90-6b7dcdb55e37,2025,2025-10-05,FIVB,BPT Challenge Veracruz,Olivia Macdonald,340.0,4,7000.0
2592b9e1-f989-4383-aa96-8c5b594525ab,65b1fd0c-76e5-494e-8953-37f47f1bd3e8,2025,2025-10-05,FIVB,BPT Challenge Veracruz,Shaunna Polley,340.0,4,7000.0
9c8bf792-f3e6-41a1-b1f9-5969f7d05b37,d9789faf-7b3c-4240-8c90-6b7dcdb55e37,2025,2025-10-11,FIVB,BPT Elite Newport Beach,Olivia Macdonald,200.0,17,0.0
e6480eb4-aee5-4534-a2f0-fcf674071d1b,65b1fd0c-76e5-494e-8953-37f47f1bd3e8,2025,2025-10-11,FIVB,BPT Elite Newport Beach,Shaunna Polley,200.0,17,0.0
